None,Femme Women Black Beaded Sandals,http://www.myntra.com/Flats/Femme/Femme-Women-Black-Beaded-Sandals/169470/buy,Rs. 799,flat-50-sale,Clearance Sale - Flat 50% Off,Femme,http://myntra.myntassets.com/images/style/properties/PUNANASlip-onSynthetic-leather_d97cbcd944cf36a1300c1a270ab44a41_images_1080_1440_mini.jpg,Rs. 1,499,None,flat,http://www.myntra.com/Flats/Femme/Femme-Women-Black-Beaded-Sandals/169470/buy,Sold byVector Ecommerce Pvt Ltd,None,None,['3', '4', '5', '6', '7', '8'],None,<ul class="mk-pdpv1-product-helper mk-cf"><li class="desc-main-title">Product Description</li><li class="desc-sub-title">Style Note</li><li class="desc-sub-text " itemprop="description"><p>This exquisite pair of flats from Femme adds a chic touch to any  wardrobe. The elegant styling adds a graceful charm to your unique  individual style. We recommend you wear it with a long flared skirt and  tunic for a day out with the girls.</p></li><li class="desc-sub-title ">Product Details</li><li class="desc-sub-text"><p>Open toed, black sandals with grey accents and slip-on styling<br/>Synthetic, thong style upper with beaded detail<br/>Soft and padded footbed with branding<br/>Tough and textured outsole<br/>Warranty: 60 days against manufacturing defects only (not valid on products under discount or promotional offer)</p></li><li class="desc-sub-title ">Material &amp; Care</li><li class="desc-sub-text "><p>Synthetic<br/>Wipe a clean, dry cloth when needed</p></li></ul>,26:02:2014,None
None,Femme Women Green & Gold Toned Sandals,http://www.myntra.com/Flats/Femme/Femme-Women-Green-&-Gold-Toned-Sandals/169461/buy,Rs. 799,flat-50-sale,Clearance Sale - Flat 50% Off,Femme,http://myntra.myntassets.com/images/style/properties/Femme-Women-Green-&-Gold-Toned-Sandals_d6634f925eac477027c25f7f1fd52940_images_1080_1440_mini.jpg,Rs. 1,599,None,flat,http://www.myntra.com/Flats/Femme/Femme-Women-Green-&-Gold-Toned-Sandals/169461/buy,Sold byVector Ecommerce Pvt Ltd,None,None,['3', '4', '5', '6', '7', '8'],None,<ul class="mk-pdpv1-product-helper mk-cf"><li class="desc-main-title">Product Description</li><li class="desc-sub-title">Style Note</li><li class="desc-sub-text " itemprop="description"><p>This simple and stylish pair of sandals from Femme is a great pick for the season. We suggest you team it with salwars for an evening party.</p></li><li class="desc-sub-title ">Product Details</li><li class="desc-sub-text"><p>Open toed, green and gold toned sandals with slip-on styling<br/>Synthetic upper with a toe holder, diagonal strap across the forefoot and a strap across the midfoot with braided detail<br/>Studded detail on the toe holder<br/>Soft and padded footbed with branding at the heel<br/>Tough and textured outsole<br/>Warranty: 60 days against manufacturing defects only (not valid on products under discount or promotional offer)</p></li><li class="desc-sub-title ">Material &amp; Care</li><li class="desc-sub-text "><p>Synthetic<br/>Wipe with a clean, dry cloth when needed</p></li></ul>,26:02:2014,None
None,Femme Women Brown & Cream toned Sandals,http://www.myntra.com/Flats/Femme/Femme-Women-Brown-&-Cream-toned-Sandals/169459/buy,Rs. 799,flat-50-sale,Clearance Sale - Flat 50% Off,Femme,http://myntra.myntassets.com/images/style/properties/PUNANASlip-onSynthetic-leather_5b1034306fdb38e2ea76fe02abfa1968_images_1080_1440_mini.jpg,Rs. 1,299,None,flat,http://www.myntra.com/Flats/Femme/Femme-Women-Brown-&-Cream-toned-Sandals/169459/buy,Sold byVector Ecommerce Pvt Ltd,None,None,['3', '4', '5', '6', '7', '8'],None,<ul class="mk-pdpv1-product-helper mk-cf"><li class="desc-main-title">Product Description</li><li class="desc-sub-title">Style Note</li><li class="desc-sub-text " itemprop="description"><p>Step out in style in this lovely pair of sandals from Femme. Style it with any casual outfit for a comfortable day out.</p></li><li class="desc-sub-title ">Product Details</li><li class="desc-sub-text"><p>Open toed, cream and brown toned sandals with slip-on styling<br/>Synthetic leather, thong style upper with stitched detail<br/>Soft and textured footbed with branding<br/>Tough and textured outsole<br/>Warranty: 60 days against manufacturing defects only (not valid on products under discount or promotional offer)</p></li><li class="desc-sub-title ">Material &amp; Care</li><li class="desc-sub-text "><p>Synthetic leather<br/>Wipe with a clean, dry cloth when needed</p></li></ul>,26:02:2014,None
None,Femme Women Brown Sandals,http://www.myntra.com/Heels/Femme/Femme-Women-Brown-Sandals/169465/buy,Rs. 799,flat-50-sale,Clearance Sale - Flat 50% Off,Femme,http://myntra.myntassets.com/images/style/properties/PUNANASlip-onSynthetic-leather_ee59f1edbeabb74ae1c9d9030b113fa1_images_1080_1440_mini.jpg,Rs. 1,299,None,flat,http://www.myntra.com/Heels/Femme/Femme-Women-Brown-Sandals/169465/buy,Sold byVector Ecommerce Pvt Ltd,None,None,['5', '6', '7', '8', '9', '10'],None,<ul class="mk-pdpv1-product-helper mk-cf"><li class="desc-main-title">Product Description</li><li class="desc-sub-title">Style Note</li><li class="desc-sub-text " itemprop="description"><p>This exquisite pair of sandals from Femme adds a chic touch to any  wardrobe. The elegant styling adds a graceful charm to your unique  individual style. We recommend you wear it with a long flared skirt and  tunic for a day out with the girls.</p></li><li class="desc-sub-title ">Product Details</li><li class="desc-sub-text"><p>Open toed, brown and cream toned sandals with slip-on styling<br/>Synthetic, thong style upper with gunmetal toned accents<br/>Soft and padded footbed with branding at the heel<br/>Tough and textured outsole<br/>Warranty: 60 days against manufacturing defects only (not valid on products under discount or promotional offer)</p></li><li class="desc-sub-title ">Material &amp; Care</li><li class="desc-sub-text "><p>Synthetic<br/>Wipe with a clean, dry cloth when needed</p></li><li class="desc-sub-title">Size &amp; Fit</li><li class="desc-sub-text"><p>Heel height: 2"</p></li></ul>,26:02:2014,None
None,Femme Women Blue Sandals,http://www.myntra.com/Flats/Femme/Femme-Women-Blue-Sandals/169448/buy,Rs. 799,flat-50-sale,Clearance Sale - Flat 50% Off,Femme,http://myntra.myntassets.com/images/style/properties/RubberNANASlip-onSynthetic-leather_451f6c89f5eb62ffb592c6a0af8e8cce_images_1080_1440_mini.jpg,Rs. 1,299,None,flat,http://www.myntra.com/Flats/Femme/Femme-Women-Blue-Sandals/169448/buy,Sold byVector Ecommerce Pvt Ltd,None,None,['3', '4', '5', '6', '7', '8'],None,<ul class="mk-pdpv1-product-helper mk-cf"><li class="desc-main-title">Product Description</li><li class="desc-sub-title">Style Note</li><li class="desc-sub-text " itemprop="description"><p>Give a style update to your look with this pair of sandals from Femme. Simple yet trendy, this is a versatile pair that can be matched with your everyday ensembles.</p></li><li class="desc-sub-title ">Product Details</li><li class="desc-sub-text"><p>Open toed, blue sandals with cream accents, has slip-on styling<br/>Synthetic upper with thong style straps that have braided detail<br/>Comfortable footbed with brand patch on the heel<br/>Tough outsole with a stacked, textured heel<br/>Warranty: 60 days against manufacturing defects only (not valid on any discounted merchandise or any other promotional offers)</p></li><li class="desc-sub-title ">Material &amp; Care</li><li class="desc-sub-text "><p>Synthetic<br/>Wipe with a clean cloth to remove dirt</p></li></ul>,26:02:2014,None
None,Femme Women Gold Toned Beaded Sandals,http://www.myntra.com/Flats/Femme/Femme-Women-Gold-Toned-Beaded-Sandals/169471/buy,Rs. 799,flat-50-sale,Clearance Sale - Flat 50% Off,Femme,http://myntra.myntassets.com/images/style/properties/PUNANASlip-onSynthetic-leather_26b22f86658fb4f765009c17acd68a12_images_1080_1440_mini.jpg,Rs. 1,499,None,flat,http://www.myntra.com/Flats/Femme/Femme-Women-Gold-Toned-Beaded-Sandals/169471/buy,Sold byVector Ecommerce Pvt Ltd,None,None,['3', '4', '5', '6', '7', '8'],None,<ul class="mk-pdpv1-product-helper mk-cf"><li class="desc-main-title">Product Description</li><li class="desc-sub-title">Style Note</li><li class="desc-sub-text " itemprop="description"><p>This exquisite pair of flats from Femme adds a chic touch to any  wardrobe. The elegant styling adds a graceful charm to your unique  individual style. We recommend you wear it with a long flared skirt and  tunic for a day out with the girls.</p></li><li class="desc-sub-title ">Product Details</li><li class="desc-sub-text"><p>Open toed, gold toned sandals with white and brown accents and slip-on styling<br/>Synthetic, thong style upper with beaded detail<br/>Soft and padded footbed with branding<br/>Tough and textured outsole<br/>Warranty: 60 days against manufacturing defects only (not valid on products under discount or promotional offer)</p></li><li class="desc-sub-title ">Material &amp; Care</li><li class="desc-sub-text "><p>Synthetic<br/>Wipe a clean, dry cloth when needed</p></li></ul>,26:02:2014,None
None,Femme Women Coffee Brown Ballerinas,http://www.myntra.com/Flats/Femme/Femme-Women-Coffee-Brown-Ballerinas/169434/buy,Rs. 799,flat-50-sale,Clearance Sale - Flat 50% Off,Femme,http://myntra.myntassets.com/images/style/properties/PULow-TopsRound-ToeSlip-onSynthetic-leather_ec7f57df42647f8969849cd96ef62421_images_1080_1440_mini.jpg,Rs. 1,399,None,flat,http://www.myntra.com/Flats/Femme/Femme-Women-Coffee-Brown-Ballerinas/169434/buy,Sold byVector Ecommerce Pvt Ltd,None,None,['3', '4', '5', '6', '7', '8'],None,<ul class="mk-pdpv1-product-helper mk-cf"><li class="desc-main-title">Product Description</li><li class="desc-sub-title">Style Note</li><li class="desc-sub-text " itemprop="description"><p>Give a style update to your look with this pair of ballerinas from Femme. Simple yet trendy, this is a versatile pair that can be matched with your everyday ensembles.</p></li><li class="desc-sub-title ">Product Details</li><li class="desc-sub-text"><p>Round toed, coffee brown ballerinas with low top and slip-on styling<br/> Has a textured upper with cut-out patterns, button and bow detail at the forefoot<br/> Cushioned footbed with brand patch at the heel<br/> TPR outsole with patterned grooves<br/> Warranty: 60 days against manufacturing defects only (not valid on any discounted merchandise or any other promotional offers)</p></li><li class="desc-sub-title ">Material &amp; Care</li><li class="desc-sub-text "><p>Synthetic<br/> Wipe with a clean cloth to remove dirt</p></li></ul>,26:02:2014,None
None,Femme Women Blue Sandals,http://www.myntra.com/Heels/Femme/Femme-Women-Blue-Sandals/168896/buy,Rs. 799,flat-50-sale,Clearance Sale - Flat 50% Off,Femme,http://myntra.myntassets.com/images/style/properties/Femme-Women-Heels_0c3488805a11ac2fd69fa2187cedb9d0_images_1080_1440_mini.jpg,Rs. 1,299,None,flat,http://www.myntra.com/Heels/Femme/Femme-Women-Blue-Sandals/168896/buy,Sold byVector Ecommerce Pvt Ltd,None,None,['3', '4', '5', '6', '7', '8'],None,<ul class="mk-pdpv1-product-helper mk-cf"><li class="desc-main-title">Product Description</li><li class="desc-sub-title">Style Note</li><li class="desc-sub-text " itemprop="description"><p>Give a fresh twist to your shoe closet with these sandals from Femme. Versatile enough to go with any ensemble, they will add instant style to any look.</p></li><li class="desc-sub-title ">Product Details</li><li class="desc-sub-text"><p>Open toed, blue and orange sandals with a buckle closure, has steel toned accents<br/>Synthetic upper with a strap across the forefoot and an ankle loop that is secured with an adjustable buckle<br/>Soft and padded footbed with branding<br/>Tough and textured outsole with kitten heels<br/>Warranty: 60 days against manufacturing defects only (not valid on products under discount or promotional offer)</p></li><li class="desc-sub-title ">Material &amp; Care</li><li class="desc-sub-text "><p>Synthetic<br/>Wipe with a clean, dry cloth when needed</p></li><li class="desc-sub-title">Size &amp; Fit</li><li class="desc-sub-text"><p>Heel height: 1.5"</p></li></ul>,26:02:2014,None
None,Femme Women Black & Gold Sandals,http://www.myntra.com/Heels/Femme/Femme-Women-Black-&-Gold-Sandals/84984/buy,Rs. 799,flat-50-sale,Clearance Sale - Flat 50% Off,Femme,http://myntra.myntassets.com/images/style/properties/Femme-Women-Black-&-Gold-Sandals_0b3321560b68dafe85227765c1953f97_images_1080_1440_mini.jpg,Rs. 1,299,None,flat,http://www.myntra.com/Heels/Femme/Femme-Women-Black-&-Gold-Sandals/84984/buy,Sold byVector Ecommerce Pvt Ltd,None,None,['6', '7', '8', '9', '10'],None,<ul class="mk-pdpv1-product-helper mk-cf"><li class="desc-main-title">Product Description</li><li class="desc-sub-title">Style Note</li><li class="desc-sub-text " itemprop="description"><p>Look glamorous with this pair of stylish heels from Femme! The fabulous colour and trendy design make it a must have for your shoe collection! Pair it with a fabulous short black dress and a fuschia clutch for a long lasting effect!</p></li><li class="desc-sub-title ">Product Details</li><li class="desc-sub-text"><p>Black sandals with criss cross straps, with gold &amp;   copper thread work and black pom poms on the sides, extending from the forefoot and all the way to the back foot region<br/> Black and gold synthetic footbed with branding<br/> Silver, mirror finish slim heel<br/> Durable and textured TPU outsole with grooves for ergonomic comfort</p></li><li class="desc-sub-title ">Material &amp; Care</li><li class="desc-sub-text "><p>Synthetic<br/> Wipe with a clean, dry cloth when needed</p></li><li class="desc-sub-title">Size &amp; Fit</li><li class="desc-sub-text"><p>Heel height: 3"</p></li></ul>,26:02:2014,None
None,Femme Women Black Ballerinas,http://www.myntra.com/Flats/Femme/Femme-Women-Black-Ballerinas/169433/buy,Rs. 799,flat-50-sale,Clearance Sale - Flat 50% Off,Femme,http://myntra.myntassets.com/images/style/properties/PULow-TopsRound-ToeSlip-onSynthetic-leather_6bad04440a16bea31247ffd88800b647_images_1080_1440_mini.jpg,Rs. 1,399,None,flat,http://www.myntra.com/Flats/Femme/Femme-Women-Black-Ballerinas/169433/buy,Sold byVector Ecommerce Pvt Ltd,None,None,['3', '4', '5', '6', '7', '8'],None,<ul class="mk-pdpv1-product-helper mk-cf"><li class="desc-main-title">Product Description</li><li class="desc-sub-title">Style Note</li><li class="desc-sub-text " itemprop="description"><p>Give a style update to your look with this pair of ballerinas from Femme. Simple yet trendy, this is a versatile pair that can be matched with your everyday ensembles.</p></li><li class="desc-sub-title ">Product Details</li><li class="desc-sub-text"><p>Round toed, black ballerinas with low top and slip-on styling<br/> Has a textured upper with cut-out patterns, button and bow detail at the forefoot<br/> Cushioned footbed with brand patch at the heel<br/> TPR outsole with patterned grooves<br/> Warranty: 60 days against manufacturing defects only (not valid on any discounted merchandise or any other promotional offers)</p></li><li class="desc-sub-title ">Material &amp; Care</li><li class="desc-sub-text "><p>Synthetic<br/> Wipe with a clean cloth to remove dirt</p></li></ul>,26:02:2014,None
None,Femme Women Black & Cream toned Sandals,http://www.myntra.com/Flats/Femme/Femme-Women-Black-&-Cream-toned-Sandals/169447/buy,Rs. 799,flat-50-sale,Clearance Sale - Flat 50% Off,Femme,http://myntra.myntassets.com/images/style/properties/RubberNANASlip-onSynthetic-leather_8877d439d3aa7a970e43866b4fcef40a_images_1080_1440_mini.jpg,Rs. 1,299,None,flat,http://www.myntra.com/Flats/Femme/Femme-Women-Black-&-Cream-toned-Sandals/169447/buy,Sold byVector Ecommerce Pvt Ltd,None,None,['3', '4', '5', '6', '7', '8'],None,<ul class="mk-pdpv1-product-helper mk-cf"><li class="desc-main-title">Product Description</li><li class="desc-sub-title">Style Note</li><li class="desc-sub-text " itemprop="description"><p>Step out in style in this lovely pair of sandals from Femme. Style it with any casual outfit for a comfortable day out.</p></li><li class="desc-sub-title ">Product Details</li><li class="desc-sub-text"><p>Open toed, black and cream toned sandals with slip-on styling<br/>Synthetic, thong style upper with braided detail<br/>Soft and padded footbed with branding<br/>Tough and textured outsole that is slightly raised at the heel<br/>Warranty: 60 days against manufacturing defects only (not valid on products under discount or promotional offer)</p></li><li class="desc-sub-title ">Material &amp; Care</li><li class="desc-sub-text "><p>Synthetic<br/>Wipe with a clean, dry cloth when needed</p></li></ul>,26:02:2014,None
None,Femme Women Red Sandals,http://www.myntra.com/Flats/Femme/Femme-Women-Red-Sandals/169450/buy,Rs. 799,flat-50-sale,Clearance Sale - Flat 50% Off,Femme,http://myntra.myntassets.com/images/style/properties/RubberNANASlip-onSynthetic-leather_66c0b1099bfe147da060fb1dcf6e34b6_images_1080_1440_mini.jpg,Rs. 1,299,None,flat,http://www.myntra.com/Flats/Femme/Femme-Women-Red-Sandals/169450/buy,Sold byVector Ecommerce Pvt Ltd,None,None,['3', '4', '5', '6', '7', '8'],None,<ul class="mk-pdpv1-product-helper mk-cf"><li class="desc-main-title">Product Description</li><li class="desc-sub-title">Style Note</li><li class="desc-sub-text " itemprop="description"><p>Give a style update to your look with this pair of sandals from Femme. Simple yet trendy, this is a versatile pair that can be matched with your everyday ensembles.</p></li><li class="desc-sub-title ">Product Details</li><li class="desc-sub-text"><p>Open toed, red sandals with cream accents, has slip-on styling<br/>Synthetic upper with thong style straps that have braided detail<br/>Comfortable footbed with a brand patch at the heel<br/>Tough outsole with a stacked, textured heel<br/>Warranty: 60 days against manufacturing defects only (not valid on any discounted merchandise or any other promotional offers)</p></li><li class="desc-sub-title ">Material &amp; Care</li><li class="desc-sub-text "><p>Synthetic<br/>Wipe with a clean cloth to remove dirt</p></li></ul>,26:02:2014,None
None,Femme Women Purple & Gold Sandals,http://www.myntra.com/Flats/Femme/Femme-Women-Purple-&-Gold-Sandals/169462/buy,Rs. 799,flat-50-sale,Clearance Sale - Flat 50% Off,Femme,http://myntra.myntassets.com/images/style/properties/RubberNANASlip-onSynthetic-leather_b04eb77408e0961a75709229b8750b76_images_1080_1440_mini.jpg,Rs. 1,599,None,flat,http://www.myntra.com/Flats/Femme/Femme-Women-Purple-&-Gold-Sandals/169462/buy,Sold byVector Ecommerce Pvt Ltd,None,None,['3', '4', '5', '6', '7', '8'],None,<ul class="mk-pdpv1-product-helper mk-cf"><li class="desc-main-title">Product Description</li><li class="desc-sub-title">Style Note</li><li class="desc-sub-text " itemprop="description"><p>Femme believes in getting the latest trends and looks to your feet at the earliest. Team it with kurtis or salwars for an evening party.</p></li><li class="desc-sub-title ">Product Details</li><li class="desc-sub-text"><p>Open toed, purple and gold toned sandals with slip-on styling<br/>Synthetic upper with a toe separator, diagonal strap across the forefoot and a strap across the midfoot<br/>Studded detail on the toe separator<br/>Soft and padded footbed with branding at the heel<br/>Tough and textured outsole<br/>Warranty: 60 days against manufacturing defects only (not valid on products under discount or promotional offer)</p></li><li class="desc-sub-title ">Material &amp; Care</li><li class="desc-sub-text "><p>Synthetic<br/>Wipe with a clean, dry cloth when needed</p></li></ul>,26:02:2014,None
None,Femme Women Brown and Cream Toned Sandals,http://www.myntra.com/Flats/Femme/Femme-Women-Brown-and-Cream-Toned-Sandals/169449/buy,Rs. 799,flat-50-sale,Clearance Sale - Flat 50% Off,Femme,http://myntra.myntassets.com/images/style/properties/RubberNANASlip-onSynthetic-leather_e7bce1f948c7d74a743fa67e10476111_images_1080_1440_mini.jpg,Rs. 1,299,None,flat,http://www.myntra.com/Flats/Femme/Femme-Women-Brown-and-Cream-Toned-Sandals/169449/buy,Sold byVector Ecommerce Pvt Ltd,None,None,['3', '4', '5', '6', '7', '8'],None,<ul class="mk-pdpv1-product-helper mk-cf"><li class="desc-main-title">Product Description</li><li class="desc-sub-title">Style Note</li><li class="desc-sub-text " itemprop="description"><p>Step out in style in this lovely pair of sandals from Femme. Style it with any casual outfit for a comfortable day out.</p></li><li class="desc-sub-title ">Product Details</li><li class="desc-sub-text"><p>Open toed, brown and cream toned sandals with slip-on styling<br/>Synthetic, thong style upper with braided detail<br/>Soft and padded footbed with branding<br/>Tough and textured outsole that is slightly raised at the heel<br/>Warranty: 60 days against manufacturing defects only (not valid on products under discount or promotional offer)</p></li><li class="desc-sub-title ">Material &amp; Care</li><li class="desc-sub-text "><p>Synthetic<br/>Wipe with a clean, dry cloth when needed</p></li></ul>,26:02:2014,None
None,Femme Women Black & Grey Sandals,http://www.myntra.com/Heels/Femme/Femme-Women-Black-&-Grey-Sandals/168895/buy,Rs. 799,flat-50-sale,Clearance Sale - Flat 50% Off,Femme,http://myntra.myntassets.com/images/style/properties/Femme-Women-Heels_a02285b80d9a0a0894d88b75f717f5c9_images_1080_1440_mini.jpg,Rs. 1,299,None,flat,http://www.myntra.com/Heels/Femme/Femme-Women-Black-&-Grey-Sandals/168895/buy,Sold byVector Ecommerce Pvt Ltd,None,None,['3', '4', '5', '6', '7', '8'],None,<ul class="mk-pdpv1-product-helper mk-cf"><li class="desc-main-title">Product Description</li><li class="desc-sub-title">Style Note</li><li class="desc-sub-text " itemprop="description"><p>Give a fresh twist to your shoe closet with these sandals from Femme. Versatile enough to go with any ensemble, they will add instant style to any look.</p></li><li class="desc-sub-title ">Product Details</li><li class="desc-sub-text"><p>Open toed, black and grey sandals with a buckle closure, has steel toned accents<br/>Synthetic upper with a strap across the forefoot and an ankle loop that is secured with an adjustable buckle<br/>Soft and padded footbed with branding<br/>Tough and textured outsole with kitten heels<br/>Warranty: 60 days against manufacturing defects only (not valid on products under discount or promotional offer)</p></li><li class="desc-sub-title ">Material &amp; Care</li><li class="desc-sub-text "><p>Synthetic<br/>Wipe with a clean, dry cloth when needed</p></li><li class="desc-sub-title">Size &amp; Fit</li><li class="desc-sub-text"><p>Heel height: 1.5"</p></li></ul>,26:02:2014,None
None,Femme Women Cream & Brown Toned Sandals,http://www.myntra.com/Flats/Femme/Femme-Women-Cream-&-Brown-Toned-Sandals/169457/buy,Rs. 799,flat-50-sale,Clearance Sale - Flat 50% Off,Femme,http://myntra.myntassets.com/images/style/properties/PUNANASlip-onSynthetic-leather_9b7d328d7f5369cb1fd256b6e6290887_images_1080_1440_mini.jpg,Rs. 1,299,None,flat,http://www.myntra.com/Flats/Femme/Femme-Women-Cream-&-Brown-Toned-Sandals/169457/buy,Sold byVector Ecommerce Pvt Ltd,None,None,['3', '4', '5', '6', '7', '8'],None,<ul class="mk-pdpv1-product-helper mk-cf"><li class="desc-main-title">Product Description</li><li class="desc-sub-title">Style Note</li><li class="desc-sub-text " itemprop="description"><p>Step out in style in this lovely pair of sandals from Femme. Style it with any casual outfit for a comfortable day out.</p></li><li class="desc-sub-title ">Product Details</li><li class="desc-sub-text"><p>Open toed, cream and brown toned sandals with slip-on styling<br/>Synthetic leather, thong style upper with stitched detail<br/>Soft and textured footbed with branding<br/>Tough and textured outsole<br/>Warranty: 60 days against manufacturing defects only (not valid on products under discount or promotional offer)</p></li><li class="desc-sub-title ">Material &amp; Care</li><li class="desc-sub-text "><p>Synthetic leather<br/>Wipe with a clean, dry cloth when needed</p></li></ul>,26:02:2014,None
None,Femme Women Brown Sandals,http://www.myntra.com/Flats/Femme/Femme-Women-Brown-Sandals/169454/buy,Rs. 799,flat-50-sale,Clearance Sale - Flat 50% Off,Femme,http://myntra.myntassets.com/images/style/properties/PUNANASlip-onSynthetic-leather_79276dd4b001a8a4d469898e9b02e968_images_1080_1440_mini.jpg,Rs. 1,299,None,flat,http://www.myntra.com/Flats/Femme/Femme-Women-Brown-Sandals/169454/buy,Sold byVector Ecommerce Pvt Ltd,None,None,['3', '4', '5', '6', '7', '8'],None,<ul class="mk-pdpv1-product-helper mk-cf"><li class="desc-main-title">Product Description</li><li class="desc-sub-title">Style Note</li><li class="desc-sub-text " itemprop="description"><p>Give a style update to your look with this pair of sandals from Femme. Simple yet trendy, this is a versatile pair that can be matched with your everyday ensembles.</p></li><li class="desc-sub-title ">Product Details</li><li class="desc-sub-text"><p>Open toed, dark brown sandals with slip-on styling<br/>Leather upper, has a broad thong style strap with stitched and knotted detail<br/>Cushioned and textured footbed with printed detail at the heel<br/>Tough and textured outsole with a slightly upraised heel<br/>Warranty: 60 days against manufacturing defects only (not valid on any discounted merchandise or any other promotional offers)</p></li><li class="desc-sub-title ">Material &amp; Care</li><li class="desc-sub-text "><p>Leather<br/>Wipe with a clean, dry cloth when needed</p></li></ul>,26:02:2014,None
None,Femme Women Black & Beige Sandals,http://www.myntra.com/Flats/Femme/Femme-Women-Black-&-Beige-Sandals/169452/buy,Rs. 799,flat-50-sale,Clearance Sale - Flat 50% Off,Femme,http://myntra.myntassets.com/images/style/properties/PUNANASlip-onSynthetic-leather_bd9cca232fc1b35cc038c83fb8865c60_images_1080_1440_mini.jpg,Rs. 1,299,None,flat,http://www.myntra.com/Flats/Femme/Femme-Women-Black-&-Beige-Sandals/169452/buy,Sold byVector Ecommerce Pvt Ltd,None,None,['3', '4', '5', '6', '7', '8'],None,<ul class="mk-pdpv1-product-helper mk-cf"><li class="desc-main-title">Product Description</li><li class="desc-sub-title">Style Note</li><li class="desc-sub-text " itemprop="description"><p>Give a style update to your look with this pair of sandals from Femme. Simple yet trendy, this is a versatile pair that can be matched with your everyday ensembles.</p></li><li class="desc-sub-title ">Product Details</li><li class="desc-sub-text"><p>Open toed, black and beige sandals with slip-on styling<br/>Leather upper, has thong style straps with stitched detail and cut-out patterns<br/>Cushioned and textured footbed with printed detail at the heel<br/>Tough and textured outsole with a slightly upraised heel<br/>Warranty: 60 days against manufacturing defects only (not valid on any discounted merchandise or any other promotional offers)</p></li><li class="desc-sub-title ">Material &amp; Care</li><li class="desc-sub-text "><p>Leather<br/>Wipe with a clean, dry cloth when needed</p></li></ul>,26:02:2014,None
None,Femme Women Beige Ballerinas,http://www.myntra.com/Flats/Femme/Femme-Women-Beige-Ballerinas/169432/buy,Rs. 799,flat-50-sale,Clearance Sale - Flat 50% Off,Femme,http://myntra.myntassets.com/images/style/properties/PULow-TopsRound-ToeSlip-onSynthetic-leather_db9bf31c9551ead00490ed1f8ed613e8_images_1080_1440_mini.jpg,Rs. 1,399,None,flat,http://www.myntra.com/Flats/Femme/Femme-Women-Beige-Ballerinas/169432/buy,Sold byVector Ecommerce Pvt Ltd,None,None,['4', '5', '6', '7', '8'],None,<ul class="mk-pdpv1-product-helper mk-cf"><li class="desc-main-title">Product Description</li><li class="desc-sub-title">Style Note</li><li class="desc-sub-text " itemprop="description"><p>Give a style update to your look with this pair of ballerinas from Femme. Simple yet trendy, this is a versatile pair that can be matched with your everyday ensembles.</p></li><li class="desc-sub-title ">Product Details</li><li class="desc-sub-text"><p>Round toed, beige ballerinas with slip-on and low top styling<br/>Synthetic upper with textured finish, has cut-out patterns, button and bow detail at the forefoot<br/>Cushioned, textured footbed with brand patch at the heel<br/>TPR outsole with patterned grooves<br/>Warranty: 60 days against manufacturing defects only (not valid on any discounted merchandise or any other promotional offers)</p></li><li class="desc-sub-title ">Material &amp; Care</li><li class="desc-sub-text "><p>Synthetic<br/>Wipe with a clean cloth to remove dirt</p></li></ul>,26:02:2014,None
None,Femme Women Pink Sandals,http://www.myntra.com/Flats/Femme/Femme-Women-Pink-Sandals/169469/buy,Rs. 799,flat-50-sale,Clearance Sale - Flat 50% Off,Femme,http://myntra.myntassets.com/images/style/properties/PUNANASlip-onSynthetic-leather_261100ec09751dd24402e99244efb877_images_1080_1440_mini.jpg,Rs. 1,699,None,flat,http://www.myntra.com/Flats/Femme/Femme-Women-Pink-Sandals/169469/buy,Sold byVector Ecommerce Pvt Ltd,None,None,['3', '4', '5', '6', '7', '8'],None,<ul class="mk-pdpv1-product-helper mk-cf"><li class="desc-main-title">Product Description</li><li class="desc-sub-title">Style Note</li><li class="desc-sub-text " itemprop="description"><p>This exquisite pair of flats from Femme adds a chic touch to any  wardrobe. The elegant styling adds a graceful charm to your unique  individual style. We recommend you wear it with a long flared skirt and  tunic for a day out with the girls.</p></li><li class="desc-sub-title ">Product Details</li><li class="desc-sub-text"><p>Open toed, pink sandals with multi-colour accents and slip-on styling<br/>Synthetic upper with beaded detail, has a toe separator and an elasticated backstrap<br/>Soft and padded footbed with branding<br/>Tough and textured outsole<br/>Warranty: 60 days against manufacturing defects only (not valid on products under discount or promotional offer)</p></li><li class="desc-sub-title ">Material &amp; Care</li><li class="desc-sub-text "><p>Synthetic<br/>Wipe a clean, dry cloth when needed</p></li></ul>,26:02:2014,None
None,Femme Women Grey & Silver Sandals,http://www.myntra.com/Heels/Femme/Femme-Women-Grey-&-Silver-Sandals/84985/buy,Rs. 799,flat-50-sale,Clearance Sale - Flat 50% Off,Femme,http://myntra.myntassets.com/images/style/properties/Femme-Women-Grey-Sandals_933e5facd787d568c05321eae878103e_images_1080_1440_mini.jpg,Rs. 1,299,None,flat,http://www.myntra.com/Heels/Femme/Femme-Women-Grey-&-Silver-Sandals/84985/buy,Sold byVector Ecommerce Pvt Ltd,None,None,['6', '7', '8', '9', '10'],None,<ul class="mk-pdpv1-product-helper mk-cf"><li class="desc-main-title">Product Description</li><li class="desc-sub-title">Style Note</li><li class="desc-sub-text " itemprop="description"><p>Look glamorous with this pair of stylish heels from Femme! The fabulous colour and trendy design make it a must have for your shoe collection! Pair it with a fabulous short black dress and a fuschia clutch for a long lasting effect!</p></li><li class="desc-sub-title ">Product Details</li><li class="desc-sub-text"><p>Grey sandals with criss cross straps, with silver thread work and grey pom poms on the sides, extending from the forefoot to all the way at the back foot region<br/> Metallic silver, synthetic footbed with branding<br/> Silver, mirror finish slim heel<br/> Durable and textured TPU outsole with grooves for ergonomic comfort</p></li><li class="desc-sub-title ">Material &amp; Care</li><li class="desc-sub-text "><p>Synthetic<br/> Wipe with a clean, dry cloth when needed</p></li><li class="desc-sub-title">Size &amp; Fit</li><li class="desc-sub-text"><p>Heel height: 3"</p></li></ul>,26:02:2014,None
None,Femme Women Black & Maroon Sandals,http://www.myntra.com/Flats/Femme/Femme-Women-Black-&-Maroon-Sandals/169458/buy,Rs. 799,flat-50-sale,Clearance Sale - Flat 50% Off,Femme,http://myntra.myntassets.com/images/style/properties/PUNANASlip-onSynthetic-leather_73c0544323934e682b97f52a424fe750_images_1080_1440_mini.jpg,Rs. 1,299,None,flat,http://www.myntra.com/Flats/Femme/Femme-Women-Black-&-Maroon-Sandals/169458/buy,Sold byVector Ecommerce Pvt Ltd,None,None,['3', '4', '5', '6', '7', '8'],None,<ul class="mk-pdpv1-product-helper mk-cf"><li class="desc-main-title">Product Description</li><li class="desc-sub-title">Style Note</li><li class="desc-sub-text " itemprop="description"><p>Step out in style in this lovely pair of sandals from Femme. Style it with any casual outfit for a comfortable day out.</p></li><li class="desc-sub-title ">Product Details</li><li class="desc-sub-text"><p>Open toed, black and maroon toned sandals with slip-on styling<br/>Synthetic leather, thong style upper with stitched detail<br/>Soft and textured footbed with branding<br/>Tough and textured outsole<br/>Warranty: 60 days against manufacturing defects only (not valid on products under discount or promotional offer)</p></li><li class="desc-sub-title ">Material &amp; Care</li><li class="desc-sub-text "><p>Synthetic leather<br/>Wipe with a clean, dry cloth when needed</p></li></ul>,26:02:2014,None
None,Femme Women Red Sandals,http://www.myntra.com/Heels/Femme/Femme-Women-Red-Sandals/168902/buy,Rs. 799,flat-50-sale,Clearance Sale - Flat 50% Off,Femme,http://myntra.myntassets.com/images/style/properties/Femme-Women-Heels_75ec919c78a8d00396817d4650bbaca3_images_1080_1440_mini.jpg,Rs. 1,899,None,flat,http://www.myntra.com/Heels/Femme/Femme-Women-Red-Sandals/168902/buy,Sold byVector Ecommerce Pvt Ltd,None,None,['3', '4', '5', '6', '7', '8'],None,<ul class="mk-pdpv1-product-helper mk-cf"><li class="desc-main-title">Product Description</li><li class="desc-sub-title">Style Note</li><li class="desc-sub-text " itemprop="description"><p>Give a fresh twist to your shoe closet with these sandals from Femme.  Versatile enough to go with any ensemble, they will add instant style to  any look.</p></li><li class="desc-sub-title ">Product Details</li><li class="desc-sub-text"><p>Open toed, red sandals with slip-on styling<br/>Synthetic, thong style upper<br/>Soft and padded footbed with branding<br/>Tough and textured outsole with slim heels<br/>Warranty: 60 days against manufacturing defects only (not valid on products under discount or promotional offer)</p></li><li class="desc-sub-title ">Material &amp; Care</li><li class="desc-sub-text "><p>Synthetic<br/>Wipe with a clean, dry cloth when needed</p></li><li class="desc-sub-title">Size &amp; Fit</li><li class="desc-sub-text"><p>Heel height: 3.5"</p></li></ul>,26:02:2014,None
None,Femme Women Green Sandals,http://www.myntra.com/Heels/Femme/Femme-Women-Green-Sandals/168898/buy,Rs. 799,flat-50-sale,Clearance Sale - Flat 50% Off,Femme,http://myntra.myntassets.com/images/style/properties/Femme-Women-Heels_e9318bfaa83ec97e36fb93467181ee1a_images_1080_1440_mini.jpg,Rs. 1,899,None,flat,http://www.myntra.com/Heels/Femme/Femme-Women-Green-Sandals/168898/buy,Sold byVector Ecommerce Pvt Ltd,None,None,['3', '4', '5', '6', '7', '8'],None,<ul class="mk-pdpv1-product-helper mk-cf"><li class="desc-main-title">Product Description</li><li class="desc-sub-title">Style Note</li><li class="desc-sub-text " itemprop="description"><p>Give a fresh twist to your shoe closet with these sandals from Femme.  Versatile enough to go with any ensemble, they will add instant style to  any look.</p></li><li class="desc-sub-title ">Product Details</li><li class="desc-sub-text"><p>Open toed, black and green sandals with slip-on styling<br/>Synthetic, thong style upper with a strap across the forefoot<br/>Soft and padded footbed with branding<br/>Tough and textured outsole with slim heels<br/>Warranty: 60 days against manufacturing defects only (not valid on products under discount or promotional offer)</p></li><li class="desc-sub-title ">Material &amp; Care</li><li class="desc-sub-text "><p>Synthetic<br/>Wipe with a clean, dry cloth when needed</p></li><li class="desc-sub-title">Size &amp; Fit</li><li class="desc-sub-text"><p>Heel height: 3.5"</p></li></ul>,26:02:2014,None
None,Femme Women Black & Gold toned Sandals,http://www.myntra.com/Flats/Femme/Femme-Women-Black-&-Gold-toned-Sandals/169460/buy,Rs. 799,flat-50-sale,Clearance Sale - Flat 50% Off,Femme,http://myntra.myntassets.com/images/style/properties/RubberNANASlip-onSynthetic-leather_8cb4ab016e86c06f87583b856713748d_images_1080_1440_mini.jpg,Rs. 1,599,None,flat,http://www.myntra.com/Flats/Femme/Femme-Women-Black-&-Gold-toned-Sandals/169460/buy,Sold byVector Ecommerce Pvt Ltd,None,None,['3', '4', '5', '6', '7', '8'],None,<ul class="mk-pdpv1-product-helper mk-cf"><li class="desc-main-title">Product Description</li><li class="desc-sub-title">Style Note</li><li class="desc-sub-text " itemprop="description"><p>Femme believes in getting the latest trends and looks to your feet at the earliest. Team it with kurtis or salwars for an evening party.</p></li><li class="desc-sub-title ">Product Details</li><li class="desc-sub-text"><p>Open toed, black and gold toned sandals with slip-on styling<br/>Synthetic upper with a toe holder, diagonal straps across the forefoot and a strap across the midfoot<br/>Studded detail on the toe holder<br/>Soft and padded footbed with branding at the heel<br/>Tough and textured outsole<br/>Warranty: 60 days against manufacturing defects only (not valid on products under discount or promotional offer)</p></li><li class="desc-sub-title ">Material &amp; Care</li><li class="desc-sub-text "><p>Synthetic<br/>Wipe with a clean, dry cloth when needed</p></li></ul>,26:02:2014,None
None,Femme Woman Green Floral Print Sandals,http://www.myntra.com/Heels/Femme/Femme-Woman-Green-Floral-Print-Sandals/84901/buy,Rs. 799,flat-50-sale,Clearance Sale - Flat 50% Off,Femme,http://myntra.myntassets.com/images/style/properties/Femm-Woman-Green-Floral-Print-Sandals_6df737c5a8a390a6f75facb42087cb3e_images_1080_1440_mini.jpg,Rs. 1,299,None,flat,http://www.myntra.com/Heels/Femme/Femme-Woman-Green-Floral-Print-Sandals/84901/buy,Sold byVector Ecommerce Pvt Ltd,None,None,['5', '6', '7', '8', '9', '10'],None,<ul class="mk-pdpv1-product-helper mk-cf"><li class="desc-main-title">Product Description</li><li class="desc-sub-title">Style Note</li><li class="desc-sub-text " itemprop="description"><p>Flaunt effortless elegance with these heels from Femme. Its unique design lets you stay on your feet all day long. This versatile pair can be easily carried of with a variety of ensembles ranging from work-wear to casuals.</p></li><li class="desc-sub-title ">Product Details</li><li class="desc-sub-text"><p>Green sandals with fabric, floral print upper<br/> Soft footbed with branding at heel<br/> TPU ousole with heels having heel caps</p></li><li class="desc-sub-title ">Material &amp; Care</li><li class="desc-sub-text "><p>Synthetic<br/> Wipe with a clean dry cloth to remove dust<br/> Do not store in sunlight</p></li><li class="desc-sub-title">Size &amp; Fit</li><li class="desc-sub-text"><p>Heel height: 3"</p></li></ul>,26:02:2014,None
None,Femme Women Yellow Sandals,http://www.myntra.com/Heels/Femme/Femme-Women-Yellow-Sandals/168903/buy,Rs. 799,flat-50-sale,Clearance Sale - Flat 50% Off,Femme,http://myntra.myntassets.com/images/style/properties/Femme-Women-Heels_4dd95bd2d510358e4a26770f1d85d54d_images_1080_1440_mini.jpg,Rs. 1,899,None,flat,http://www.myntra.com/Heels/Femme/Femme-Women-Yellow-Sandals/168903/buy,Sold byVector Ecommerce Pvt Ltd,None,None,['3', '4', '5', '6', '7', '8'],None,<ul class="mk-pdpv1-product-helper mk-cf"><li class="desc-main-title">Product Description</li><li class="desc-sub-title">Style Note</li><li class="desc-sub-text " itemprop="description"><p>Give a fresh twist to your shoe closet with these sandals from Femme.  Versatile enough to go with any ensemble, they will add instant style to  any look.</p></li><li class="desc-sub-title ">Product Details</li><li class="desc-sub-text"><p>Open toed, yellow sandals with slip-on styling<br/>Synthetic, thong style upper<br/>Soft and padded footbed with branding<br/>Tough and textured outsole with slim heels<br/>Warranty: 60 days against manufacturing defects only (not valid on products under discount or promotional offer)</p><p>Â </p></li><li class="desc-sub-title ">Material &amp; Care</li><li class="desc-sub-text "><p>Synthetic<br/>Wipe with a clean, dry cloth when needed</p></li><li class="desc-sub-title">Size &amp; Fit</li><li class="desc-sub-text"><p>Heel height: 3.5"</p></li></ul>,26:02:2014,None
None,Femme Women Yellow Ballerinas,http://www.myntra.com/Flats/Femme/Femme-Women-Yellow-Ballerinas/169446/buy,Rs. 799,flat-50-sale,Clearance Sale - Flat 50% Off,Femme,http://myntra.myntassets.com/images/style/properties/PULow-TopsRound-ToeSlip-onSynthetic-leather_0d12c8efc660d110905ed438af00e77d_images_1080_1440_mini.jpg,Rs. 1,495,None,flat,http://www.myntra.com/Flats/Femme/Femme-Women-Yellow-Ballerinas/169446/buy,Sold byVector Ecommerce Pvt Ltd,None,None,['3', '4', '5', '6', '7'],None,<ul class="mk-pdpv1-product-helper mk-cf"><li class="desc-main-title">Product Description</li><li class="desc-sub-title">Style Note</li><li class="desc-sub-text " itemprop="description"><p>Step out in style in this lovely pair of ballerinas from Femme. Style it with a cute floral dress for a tea party.</p></li><li class="desc-sub-title ">Product Details</li><li class="desc-sub-text"><p>Round toed, yellow ballerinas with slip-on and low top styling, has stitched detail<br/>Synthetic leather upper with a tab across the forefoot with a steel toned metal detail<br/>Soft and padded footbed with branding at the heel<br/>Tough and textured outsole<br/>Warranty: 60 days against manufacturing defects only (not valid on products under discount or promotional offer)</p></li><li class="desc-sub-title ">Material &amp; Care</li><li class="desc-sub-text "><p>Synthetic leather<br/>Wipe with a clean, dry cloth when needed</p></li></ul>,26:02:2014,None
None,Femme Women Black Sandals,http://www.myntra.com/Heels/Femme/Femme-Women-Black-Sandals/135966/buy,Rs. 799,flat-50-sale,Clearance Sale - Flat 50% Off,Femme,http://myntra.myntassets.com/images/style/properties/Femme-Women-Black-Sandals_bb4295d5bc42c9613c895eab48ae91bd_images_1080_1440_mini.jpg,Rs. 1,499,None,flat,http://www.myntra.com/Heels/Femme/Femme-Women-Black-Sandals/135966/buy,Sold byVector Ecommerce Pvt Ltd,None,None,['5', '6', '7', '8', '9', '10'],None,<ul class="mk-pdpv1-product-helper mk-cf"><li class="desc-main-title">Product Description</li><li class="desc-sub-title">Style Note</li><li class="desc-sub-text " itemprop="description"><p>Femme's sandals are crafted in sync with the season's love for sleek colours and delicate detailing. The wedge heels ensure a comfortable and secure fit. Keep them in focus by styling yours with thigh-skimming skirts.</p></li><li class="desc-sub-title ">Product Details</li><li class="desc-sub-text"><p>Open toed, black sandals<br/>Has a broad forefoot and midfoot strap with circular cut-out patterns, strap and buckle detail on the forefoot strap and an ankle loop with buckle closure<br/>Cushioned footbed with branding at the heel<br/>Textured rubber outsole, has a wedge heel with printed stripes<br/>Warranty: 60 days against manufacturing defects</p></li><li class="desc-sub-title ">Material &amp; Care</li><li class="desc-sub-text "><p>Synthetic<br/>Wipe with a clean cloth to remove dirt</p></li><li class="desc-sub-title">Size &amp; Fit</li><li class="desc-sub-text"><p>Heel height: 3"</p></li></ul>,26:02:2014,None
None,Femme Women Pink Sandals,http://www.myntra.com/Heels/Femme/Femme-Women-Pink-Sandals/168897/buy,Rs. 799,flat-50-sale,Clearance Sale - Flat 50% Off,Femme,http://myntra.myntassets.com/images/style/properties/Femme-Women-Pink-Sandals_162a03cdb743cdd6c56494d3df51f834_images_1080_1440_mini.jpg,Rs. 1,299,None,flat,http://www.myntra.com/Heels/Femme/Femme-Women-Pink-Sandals/168897/buy,Sold byVector Ecommerce Pvt Ltd,None,None,['3', '4', '5', '6', '8'],None,<ul class="mk-pdpv1-product-helper mk-cf"><li class="desc-main-title">Product Description</li><li class="desc-sub-title">Style Note</li><li class="desc-sub-text " itemprop="description"><p>This pair of sandals from Femme is versatile enough to go with any ensemble. The colour grabs everybody's attention and it is best worn with a pair of capris and a tee.</p></li><li class="desc-sub-title ">Product Details</li><li class="desc-sub-text"><p>Open toed, pink and blue sandals with a buckle closure, has steel toned accents<br/>Synthetic upper with a strap across the forefoot that has metallic studs and an ankle loop that is secured with an adjustable buckle closure<br/>Soft and padded footbed with branding at the heel<br/>Tough and textured outsole with a chunky heel<br/>Warranty: 60 days against manufacturing defects only (not valid on products under discount or promotional offer)</p></li><li class="desc-sub-title ">Material &amp; Care</li><li class="desc-sub-text "><p>Synthetic<br/>Wipe with a clean, dry cloth when needed</p></li><li class="desc-sub-title">Size &amp; Fit</li><li class="desc-sub-text"><p>Heel height: 1.5"</p></li></ul>,26:02:2014,None
None,Femme Women Black and Orange Sandals,http://www.myntra.com/Heels/Femme/Femme-Women-Black-and-Orange-Sandals/168899/buy,Rs. 799,flat-50-sale,Clearance Sale - Flat 50% Off,Femme,http://myntra.myntassets.com/images/style/properties/Femme-Women-Heels_0993d2611ae89aeab94391009cb08f1a_images_1080_1440_mini.jpg,Rs. 1,899,None,flat,http://www.myntra.com/Heels/Femme/Femme-Women-Black-and-Orange-Sandals/168899/buy,Sold byVector Ecommerce Pvt Ltd,None,None,['3', '4', '5', '6', '7', '8'],None,<ul class="mk-pdpv1-product-helper mk-cf"><li class="desc-main-title">Product Description</li><li class="desc-sub-title">Style Note</li><li class="desc-sub-text " itemprop="description"><p>Give a fresh twist to your shoe closet with these sandals from Femme.  Versatile enough to go with any ensemble, they will add instant style to  any look.</p></li><li class="desc-sub-title ">Product Details</li><li class="desc-sub-text"><p>Open toed, black and orange sandals with slip-on styling<br/>Synthetic, thong style upper with a strap across the forefoot<br/>Soft and padded footbed with branding<br/>Tough and textured outsole with slim heels<br/>Warranty: 60 days against manufacturing defects only (not valid on products under discount or promotional offer)</p></li><li class="desc-sub-title ">Material &amp; Care</li><li class="desc-sub-text "><p>Synthetic<br/>Wipe with a clean, dry cloth when needed</p></li><li class="desc-sub-title">Size &amp; Fit</li><li class="desc-sub-text"><p>Heel height: 3.5"</p></li></ul>,26:02:2014,None
None,Femme Women Silver Toned Sandals,http://www.myntra.com/Flats/Femme/Femme-Women-Silver-Toned-Sandals/148026/buy,Rs. 799,flat-50-sale,Clearance Sale - Flat 50% Off,Femme,http://myntra.myntassets.com/images/style/properties/Femme-Women-Flats_d56bd4c1d45bed7ae8bb5f2164f22b63_images_1080_1440_mini.jpg,Rs. 1,399,None,flat,http://www.myntra.com/Flats/Femme/Femme-Women-Silver-Toned-Sandals/148026/buy,Sold byVector Ecommerce Pvt Ltd,None,None,['5', '6', '7', '8', '9', '10'],None,<ul class="mk-pdpv1-product-helper mk-cf"><li class="desc-main-title">Product Description</li><li class="desc-sub-title">Style Note</li><li class="desc-sub-text " itemprop="description"><p>The ever popular thong strap sandals make a comeback this season with this heavily embellished pair from Femme. A fitting choice for a celebration, this piece is best styled with a sheer top and a flared skirt.</p></li><li class="desc-sub-title ">Product Details</li><li class="desc-sub-text"><p>Open toed, silver toned sandals with slip-on styling<br/> Has a thong style upper embellished with multi-coloured beads and crystals<br/> Cushioned and textured footbed with brand patch at the heel<br/> TPU, non-slip outsole with slightly upraised heel, grooves at the forefoot<br/>Warranty: 60 Days against manufacturing defects only (not valid on any discounted merchandise or any other promotional offers)</p></li><li class="desc-sub-title ">Material &amp; Care</li><li class="desc-sub-text "><p>Synthetic<br/> Wipe with a clean cloth to remove dirt</p></li></ul>,26:02:2014,None
None,Femme Women Brown & Beige Sandals,http://www.myntra.com/Flats/Femme/Femme-Women-Brown-&-Beige-Sandals/169451/buy,Rs. 799,flat-50-sale,Clearance Sale - Flat 50% Off,Femme,http://myntra.myntassets.com/images/style/properties/PUNANASlip-onSynthetic-leather_2682cbab9d8dd7d0ae6331eeefaae2ae_images_1080_1440_mini.jpg,Rs. 1,299,None,flat,http://www.myntra.com/Flats/Femme/Femme-Women-Brown-&-Beige-Sandals/169451/buy,Sold byVector Ecommerce Pvt Ltd,None,None,['3', '4', '5', '6', '7', '8'],None,<ul class="mk-pdpv1-product-helper mk-cf"><li class="desc-main-title">Product Description</li><li class="desc-sub-title">Style Note</li><li class="desc-sub-text " itemprop="description"><p>Give a style update to your look with this pair of sandals from Femme. Simple yet trendy, this is a versatile pair that can be matched with your everyday ensembles.</p></li><li class="desc-sub-title ">Product Details</li><li class="desc-sub-text"><p>Open toed, brown and beige sandals with slip-on styling<br/>Leather upper, has thong style straps with stitched detail and cut-out patterns<br/>Cushioned and textured footbed with printed detail at the heel<br/>Tough and textured outsole with a slightly upraised heel<br/>Warranty: 60 days against manufacturing defects only (not valid on any discounted merchandise or any other promotional offers)</p></li><li class="desc-sub-title ">Material &amp; Care</li><li class="desc-sub-text "><p>Leather<br/>Wipe with a clean, dry cloth when needed</p></li></ul>,26:02:2014,None
None,Femme Women Red Sandals,http://www.myntra.com/Heels/Femme/Femme-Women-Red-Sandals/84946/buy,Rs. 799,flat-50-sale,Clearance Sale - Flat 50% Off,Femme,http://myntra.myntassets.com/images/style/properties/Femme-Women-Red-Sandals_46891b710553a95228727df4a70837aa_images_1080_1440_mini.jpg,Rs. 1,299,None,flat,http://www.myntra.com/Heels/Femme/Femme-Women-Red-Sandals/84946/buy,Sold byVector Ecommerce Pvt Ltd,None,None,['6', '7', '8', '9'],None,<ul class="mk-pdpv1-product-helper mk-cf"><li class="desc-main-title">Product Description</li><li class="desc-sub-title">Style Note</li><li class="desc-sub-text " itemprop="description"><p>Add a dash of red to the autumn hues with this strappy pair from Femme. Wear these wedges with short dresses and add on a sling bag for a smart and stylish look.</p></li><li class="desc-sub-title ">Product Details</li><li class="desc-sub-text"><p>Red sandals with a toe separator<br/>Elasticated and printed criss-cross straps at the midfoot forming and ankle loop strap, vertical loops on the sides at the backfoot to keep the straps in place<br/>Soft, comfortable footbed with a brand patch at the heel<br/>Ergonomic shape for in-step comfort<br/>Durable textured outsole with a wedge heel</p></li><li class="desc-sub-title ">Material &amp; Care</li><li class="desc-sub-text "><p>Synthetic<br/> Wipe with a clean, dry cloth to remove dust</p></li><li class="desc-sub-title">Size &amp; Fit</li><li class="desc-sub-text"><p>Heel: 3''</p></li></ul>,26:02:2014,None
None,Femme Women Light Green Ballerinas,http://www.myntra.com/Flats/Femme/Femme-Women-Light-Green-Ballerinas/169443/buy,Rs. 799,flat-50-sale,Clearance Sale - Flat 50% Off,Femme,http://myntra.myntassets.com/images/style/properties/PULow-TopsRound-ToeSlip-onSynthetic-leather_22881e5748246038bb638ec62806c0a8_images_1080_1440_mini.jpg,Rs. 1,495,None,flat,http://www.myntra.com/Flats/Femme/Femme-Women-Light-Green-Ballerinas/169443/buy,Sold byVector Ecommerce Pvt Ltd,None,None,['3', '4', '5', '6', '7', '8'],None,<ul class="mk-pdpv1-product-helper mk-cf"><li class="desc-main-title">Product Description</li><li class="desc-sub-title">Style Note</li><li class="desc-sub-text " itemprop="description"><p>Step out in style in this lovely pair of ballerinas from Femme. Style it with a cute floral dress for a tea party.</p></li><li class="desc-sub-title ">Product Details</li><li class="desc-sub-text"><p>Round toed, light green ballerinas with slip-on and low top styling<br/>Fabric upper with a blue tab across the forefoot that has a steel toned metal detail,Â has stitched detail<br/>Soft and padded footbed with branding at the heel<br/>Tough and textured outsole<br/>Warranty: 60 days against manufacturing defects only (not valid on products under discount or promotional offer)</p></li><li class="desc-sub-title ">Material &amp; Care</li><li class="desc-sub-text "><p>Fabric<br/>Wipe with a clean, dry cloth when needed</p></li></ul>,26:02:2014,None
None,Femme Women Blue Sandals,http://www.myntra.com/Heels/Femme/Femme-Women-Blue-Sandals/168907/buy,Rs. 799,flat-50-sale,Clearance Sale - Flat 50% Off,Femme,http://myntra.myntassets.com/images/style/properties/Femme-Women-Blue-Sandals_72154f0996b326df833c1d121a60973d_images_1080_1440_mini.jpg,Rs. 1,699,None,flat,http://www.myntra.com/Heels/Femme/Femme-Women-Blue-Sandals/168907/buy,Sold byVector Ecommerce Pvt Ltd,None,None,['4', '5', '6', '8'],None,<ul class="mk-pdpv1-product-helper mk-cf"><li class="desc-main-title">Product Description</li><li class="desc-sub-title">Style Note</li><li class="desc-sub-text " itemprop="description"><p>Give a style update to your look with this pair of sandals from Femme. Simple yet trendy, this is a versatile pair that can be matched with your everyday ensembles.</p></li><li class="desc-sub-title ">Product Details</li><li class="desc-sub-text"><p>Open toed, blue sandals with a zipper closure<br/>Synthetic upper with thong style straps at the forefoot, has criss-cross, elasticated midfoot straps connected to the heel collar that is secured with a zipped closure<br/>Comfortable footbed with a brand patch at the heel<br/>Tough outsole with a slim heel that has a plastic heel cap<br/>Warranty: 60 days against manufacturing defects only (not valid on any discounted merchandise or any other promotional offers)</p></li><li class="desc-sub-title ">Material &amp; Care</li><li class="desc-sub-text "><p>Synthetic<br/>Wipe with a clean cloth to remove dirt</p></li><li class="desc-sub-title">Size &amp; Fit</li><li class="desc-sub-text"><p>Heel height: 2.5"</p></li></ul>,26:02:2014,None
None,Femme Women Green Sandals,http://www.myntra.com/Heels/Femme/Femme-Women-Green-Sandals/168901/buy,Rs. 799,flat-50-sale,Clearance Sale - Flat 50% Off,Femme,http://myntra.myntassets.com/images/style/properties/Femme-Women-Heels_23963c4531e8cd88db36d13a15b87ae5_images_1080_1440_mini.jpg,Rs. 1,899,None,flat,http://www.myntra.com/Heels/Femme/Femme-Women-Green-Sandals/168901/buy,Sold byVector Ecommerce Pvt Ltd,None,None,['3', '4', '5', '6', '7', '8'],None,<ul class="mk-pdpv1-product-helper mk-cf"><li class="desc-main-title">Product Description</li><li class="desc-sub-title">Style Note</li><li class="desc-sub-text " itemprop="description"><p>Give a fresh twist to your shoe closet with these sandals from Femme.  Versatile enough to go with any ensemble, they will add instant style to  any look.</p></li><li class="desc-sub-title ">Product Details</li><li class="desc-sub-text"><p>Open toed, green sandals with slip-on styling<br/>Synthetic, thong style upper<br/>Soft and padded footbed with branding<br/>Tough and textured outsole with slim heels<br/>Warranty: 60 days against manufacturing defects only (not valid on products under discount or promotional offer)</p></li><li class="desc-sub-title ">Material &amp; Care</li><li class="desc-sub-text "><p>Synthetic<br/>Wipe with a clean, dry cloth when needed</p></li><li class="desc-sub-title">Size &amp; Fit</li><li class="desc-sub-text"><p>Heel height: 3.5"</p></li></ul>,26:02:2014,None
None,Femme Women Multi-Coloured Sandals,http://www.myntra.com/Flats/Femme/Femme-Women-Multi-Coloured-Sandals/148025/buy,Rs. 799,flat-50-sale,Clearance Sale - Flat 50% Off,Femme,http://myntra.myntassets.com/images/style/properties/Femme-Women-Flats_8baf55d364dd2b692813bdbd2ec17c5f_images_1080_1440_mini.jpg,Rs. 1,399,None,flat,http://www.myntra.com/Flats/Femme/Femme-Women-Multi-Coloured-Sandals/148025/buy,Sold byVector Ecommerce Pvt Ltd,None,None,['5', '6', '7', '8', '9', '10'],None,<ul class="mk-pdpv1-product-helper mk-cf"><li class="desc-main-title">Product Description</li><li class="desc-sub-title">Style Note</li><li class="desc-sub-text " itemprop="description"><p>Femme is known for its simplistic designs and eye for detailing, and this pretty pair clearly proves that all attention could be grabbed with this stylish pair of sandals too. Wear it with a short floral dress and chunky jewellery to stand out.</p></li><li class="desc-sub-title ">Product Details</li><li class="desc-sub-text"><p>Open toed, multi-coloured sandals with slip-on styling<br/>Thong style upper with multi-coloured stones and golden thread detailing<br/>Soft, padded footbed with branding at heel<br/>Tough and textured outsole with a stacked heel<br/>Warranty: 60 days against manufacturing defects only (not valid on any discounted merchandise or any other promotional offers)</p></li><li class="desc-sub-title ">Material &amp; Care</li><li class="desc-sub-text "><p>Synthetic<br/>Wipe with a clean cloth to remove dust</p></li></ul>,26:02:2014,None
None,Femme Women Pink and Purple Bow Sandals,http://www.myntra.com/Heels/Femme/Femme-Women-Pink-and-Purple-Bow-Sandals/84932/buy,Rs. 799,flat-50-sale,Clearance Sale - Flat 50% Off,Femme,http://myntra.myntassets.com/images/style/properties/Femme-Women-Pink-and-Purple-Bow-Sandals_76bdbed8946430625c15eb570f2f23c1_images_1080_1440_mini.jpg,Rs. 1,299,None,flat,http://www.myntra.com/Heels/Femme/Femme-Women-Pink-and-Purple-Bow-Sandals/84932/buy,Sold byVector Ecommerce Pvt Ltd,None,None,['5', '6', '7', '8', '9', '10'],None,<ul class="mk-pdpv1-product-helper mk-cf"><li class="desc-main-title">Product Description</li><li class="desc-sub-title">Style Note</li><li class="desc-sub-text " itemprop="description"><p>In a funky pink and purple colorway, with a patent finish and bow detail this pair of mule heels are a great way to add pop to your outfit. Pair with rolled hem distressed boyfriend jeans, a statement buckle belt and a light weight basic tee  for an eclectic yet balanced look.</p></li><li class="desc-sub-title ">Product Details</li><li class="desc-sub-text"><p>Pink and purple bow detailed mule heels<br/> Open toed, mule style upper in speckled pink faux patent leather, with bow detail on front<br/> Lightly cushioned faux leather foot bed with contrast overlay and branding at heel<br/> Tough outsole and tapered heel</p></li><li class="desc-sub-title ">Material &amp; Care</li><li class="desc-sub-text "><p>Faux leather<br/> Wipe with a clean, damp cloth to remove dust and dirt</p></li><li class="desc-sub-title">Size &amp; Fit</li><li class="desc-sub-text"><p>Heel: 2.5&amp; rdquo</p></li></ul>,26:02:2014,None
None,Femme Purple Floral Printed Sandals,http://www.myntra.com/Heels/Femme/Femme-Purple-Floral-Printed-Sandals/84902/buy,Rs. 799,flat-50-sale,Clearance Sale - Flat 50% Off,Femme,http://myntra.myntassets.com/images/style/properties/Femme-Purple-Floral-Printed-Sandals_dbee3c0f684f892cbfd9267953fde34b_images_1080_1440_mini.jpg,Rs. 1,299,None,flat,http://www.myntra.com/Heels/Femme/Femme-Purple-Floral-Printed-Sandals/84902/buy,Sold byVector Ecommerce Pvt Ltd,None,None,['5', '6', '7', '8', '9', '10'],None,<ul class="mk-pdpv1-product-helper mk-cf"><li class="desc-main-title">Product Description</li><li class="desc-sub-title">Style Note</li><li class="desc-sub-text " itemprop="description"><p>Floral prints are everywhere this season and there's no better way to buy into the trend, then these floral printed mule style heels from Femme. Team with a 40's style tea dress for a weekend brunch and look innately stylish.</p></li><li class="desc-sub-title ">Product Details</li><li class="desc-sub-text"><p>Purple and floral print mule heels<br/> Open toed, mule style textile upper <br/> Lightly cushioned foot bed with contrast panel and branding at heel<br/> Tough outsole<br/> Tapered heel with grooves</p></li><li class="desc-sub-title ">Material &amp; Care</li><li class="desc-sub-text "><p>Textile and synthetic leather<br/> Wipe with a clean, damp cloth to remove dust and dirt</p></li><li class="desc-sub-title">Size &amp; Fit</li><li class="desc-sub-text"><p>Heel: 3&amp; rdquo</p></li></ul>,26:02:2014,None
None,Femme Women Black Sandals,http://www.myntra.com/Flats/Femme/Femme-Women-Black-Sandals/169453/buy,Rs. 799,flat-50-sale,Clearance Sale - Flat 50% Off,Femme,http://myntra.myntassets.com/images/style/properties/PUNANASlip-onSynthetic-leather_b3572679db8393cd5cb2ce077c307a26_images_1080_1440_mini.jpg,Rs. 1,299,None,flat,http://www.myntra.com/Flats/Femme/Femme-Women-Black-Sandals/169453/buy,Sold byVector Ecommerce Pvt Ltd,None,None,['3', '4', '5', '6', '7', '8'],None,<ul class="mk-pdpv1-product-helper mk-cf"><li class="desc-main-title">Product Description</li><li class="desc-sub-title">Style Note</li><li class="desc-sub-text " itemprop="description"><p>Give a style update to your look with this pair of sandals from Femme. Simple yet trendy, this is a versatile pair that can be matched with your everyday ensembles.</p></li><li class="desc-sub-title ">Product Details</li><li class="desc-sub-text"><p>Open toed, black sandals with slip-on styling<br/>Leather upper, has broad, thong style straps with stitched and knotted detail<br/>Cushioned and textured footbed with printed detail on the heel<br/>Tough and textured outsole with a slightly upraised heel<br/>Warranty: 60 days against manufacturing defects only (not valid on any discounted merchandise or any other promotional offers)</p></li><li class="desc-sub-title ">Material &amp; Care</li><li class="desc-sub-text "><p>Leather<br/>Wipe with a clean, dry cloth when needed</p></li></ul>,26:02:2014,None
None,Femme Women Red Sandals,http://www.myntra.com/Heels/Femme/Femme-Women-Red-Sandals/84991/buy,Rs. 799,flat-50-sale,Clearance Sale - Flat 50% Off,Femme,http://myntra.myntassets.com/images/style/properties/Femme-Women-Red-Sandals_17d037b6e257e4615e6c26db11d31587_images_1080_1440_mini.jpg,Rs. 1,399,None,flat,http://www.myntra.com/Heels/Femme/Femme-Women-Red-Sandals/84991/buy,Sold byVector Ecommerce Pvt Ltd,None,None,['6', '7', '8', '9', '10'],None,<ul class="mk-pdpv1-product-helper mk-cf"><li class="desc-main-title">Product Description</li><li class="desc-sub-title">Style Note</li><li class="desc-sub-text " itemprop="description"><p>Set a stylish trend this season with Femme's floral printed sandals. Team it with a flowy dress and stunning accessories for a carefree look.</p></li><li class="desc-sub-title ">Product Details</li><li class="desc-sub-text"><p>Open toed sandals, has a synthetic upper and ankle loop with buckled closure<br/> Padded footbed with branding on the heel region<br/> Printed floral patterns on the midsole<br/> Wedge heel with a slight arch <br/> Tough outsole</p></li><li class="desc-sub-title ">Material &amp; Care</li><li class="desc-sub-text "><p>Synthetic<br/> Wipe with a clean cloth to remove dirt</p></li><li class="desc-sub-title">Size &amp; Fit</li><li class="desc-sub-text"><p>Heel: 3&amp; rdquo</p></li></ul>,26:02:2014,None
None,Femme Women Red Ballerinas,http://www.myntra.com/Flats/Femme/Femme-Women-Red-Ballerinas/169442/buy,Rs. 799,flat-50-sale,Clearance Sale - Flat 50% Off,Femme,http://myntra.myntassets.com/images/style/properties/PULow-TopsRound-ToeSlip-onSynthetic-leather_f7190879495bb775220bfbcb9c9e9414_images_1080_1440_mini.jpg,Rs. 1,299,None,flat,http://www.myntra.com/Flats/Femme/Femme-Women-Red-Ballerinas/169442/buy,Sold byVector Ecommerce Pvt Ltd,None,None,['3', '4', '5', '6', '7', '8'],None,<ul class="mk-pdpv1-product-helper mk-cf"><li class="desc-main-title">Product Description</li><li class="desc-sub-title">Style Note</li><li class="desc-sub-text " itemprop="description"><p>Give a style update to your look with this pair of ballerinas from Femme. Simple yet trendy, this is a versatile pair that can be matched with your everyday ensembles.</p></li><li class="desc-sub-title ">Product Details</li><li class="desc-sub-text"><p>Round toed, red ballerinas with low top and slip-on styling<br/> Has a textured upper with taping, eyelet and strap detail at the forefoot<br/> Cushioned footbed with brand patch at the heel<br/> TPR outsole with patterned grooves<br/> Warranty: 60 days against manufacturing defects only (not valid on any discounted merchandise or any other promotional offers)</p></li><li class="desc-sub-title ">Material &amp; Care</li><li class="desc-sub-text "><p>Synthetic<br/> Wipe with a clean cloth to remove dirt</p></li></ul>,26:02:2014,None
None,Femme Women Brown Sandals,http://www.myntra.com/Flats/Femme/Femme-Women-Brown-Sandals/169467/buy,Rs. 799,flat-50-sale,Clearance Sale - Flat 50% Off,Femme,http://myntra.myntassets.com/images/style/properties/PUNANASlip-onSynthetic-leather_3435c5bab9a7d106ab0e763069d065a1_images_1080_1440_mini.jpg,Rs. 1,699,None,flat,http://www.myntra.com/Flats/Femme/Femme-Women-Brown-Sandals/169467/buy,Sold byVector Ecommerce Pvt Ltd,None,None,['3', '4', '5', '6', '7', '8'],None,<ul class="mk-pdpv1-product-helper mk-cf"><li class="desc-main-title">Product Description</li><li class="desc-sub-title">Style Note</li><li class="desc-sub-text " itemprop="description"><p>This simple and stylish pair of sandals from Femme is a great pick for the season. We recommend you wear it with a long flared skirt and a tunic for a day out with friends.</p></li><li class="desc-sub-title ">Product Details</li><li class="desc-sub-text"><p>Open toed, brown sandals with multi-coloured accents and slip-on styling<br/>Synthetic, thong style upper with beaded detail and an elasticated backstrap<br/>Soft and padded footbed with branding<br/>Tough and textured outsole<br/>Warranty: 60 days against manufacturing defects only (not valid on products under discount or promotional offer)</p><p>Â </p></li><li class="desc-sub-title ">Material &amp; Care</li><li class="desc-sub-text "><p>Synthetic<br/>Wipe a clean, dry cloth when needed</p></li></ul>,26:02:2014,None
None,Femme Women Black Sandals,http://www.myntra.com/Heels/Femme/Femme-Women-Black-Sandals/84732/buy,Rs. 799,flat-50-sale,Clearance Sale - Flat 50% Off,Femme,http://myntra.myntassets.com/images/style/properties/Femme-Women-Black-Sandals_9b9903bd801b1e0e41797f16e3ae2fec_images_1080_1440_mini.jpg,Rs. 1,399,None,flat,http://www.myntra.com/Heels/Femme/Femme-Women-Black-Sandals/84732/buy,Sold byVector Ecommerce Pvt Ltd,None,None,['5', '6', '7', '8', '9', '10'],None,<ul class="mk-pdpv1-product-helper mk-cf"><li class="desc-main-title">Product Description</li><li class="desc-sub-title">Style Note</li><li class="desc-sub-text " itemprop="description"><p>Femme takes the sandal trend a notch higher with this pair. This pair is designed to fit your foot snugly without making it seem bulky. Pair it with slim fit denims and short tees and add on a sling bag to complete the look.</p></li><li class="desc-sub-title ">Product Details</li><li class="desc-sub-text"><p>Black sandals with straps at the forefoot<br/> Multiple straps at the ankle with buckle closure and elasticated gussets on the side for style and comfort<br/> Heel collar with a zipper closure connected to the ankle straps to hold the foot in place<br/> Soft, comfortable footbed with branding at the heel<br/> Ergonomically shaped for comfort and style<br/> Durable outsole with a wedge heel</p></li><li class="desc-sub-title ">Material &amp; Care</li><li class="desc-sub-text "><p>Synthetic leather<br/> Wipe with a clean, soft cloth to remove dust</p></li><li class="desc-sub-title">Size &amp; Fit</li><li class="desc-sub-text"><p>Heels: 3''</p></li></ul>,26:02:2014,None
None,Femme Women Purple Ballerinas,http://www.myntra.com/Flats/Femme/Femme-Women-Purple-Ballerinas/169444/buy,Rs. 799,flat-50-sale,Clearance Sale - Flat 50% Off,Femme,http://myntra.myntassets.com/images/style/properties/PULow-TopsRound-ToeSlip-onSynthetic-leather_74f85e94cd41f847decefbd2092a0792_images_1080_1440_mini.jpg,Rs. 1,495,None,flat,http://www.myntra.com/Flats/Femme/Femme-Women-Purple-Ballerinas/169444/buy,Sold byVector Ecommerce Pvt Ltd,None,None,['3', '4', '5', '6', '7', '8'],None,<ul class="mk-pdpv1-product-helper mk-cf"><li class="desc-main-title">Product Description</li><li class="desc-sub-title">Style Note</li><li class="desc-sub-text " itemprop="description"><p>Step out in style in this lovely pair of ballerinas from Femme. Style it with a cute floral dress for a tea party.</p></li><li class="desc-sub-title ">Product Details</li><li class="desc-sub-text"><p>Round toed, purple ballerinas with slip-on and low top styling, has stitched detail<br/>Synthetic leather upper with a red tab across the forefoot with a steel toned metal detail<br/>Soft and padded footbed with branding at the heel<br/>Tough and textured outsole<br/>Warranty: 60 days against manufacturing defects only (not valid on products under discount or promotional offer)</p></li><li class="desc-sub-title ">Material &amp; Care</li><li class="desc-sub-text "><p>Synthetic leather<br/>Wipe with a clean, dry cloth when needed</p></li></ul>,26:02:2014,None
None,Femme Women Red Sandals,http://www.myntra.com/Heels/Femme/Femme-Women-Red-Sandals/84933/buy,Rs. 799,flat-50-sale,Clearance Sale - Flat 50% Off,Femme,http://myntra.myntassets.com/images/style/properties/Femme-Women-Patent-Red-Bow-Sandals_636240ffa0c645cc6ff4e6e1822fbf10_images_1080_1440_mini.jpg,Rs. 1,299,None,flat,http://www.myntra.com/Heels/Femme/Femme-Women-Red-Sandals/84933/buy,Sold byVector Ecommerce Pvt Ltd,None,None,['5', '6', '7', '8', '9', '10'],None,<ul class="mk-pdpv1-product-helper mk-cf"><li class="desc-main-title">Product Description</li><li class="desc-sub-title">Style Note</li><li class="desc-sub-text " itemprop="description"><p>In a vivid red colorway, with a patent finish and bow detail  this pair of mule heels are a great way to add pop to your outfit. Pair with high waisted, wide leg black trousers and a light colored pussy bow blouse  to channel refined 70's glamor  - a la retro Charlie's Angels.</p></li><li class="desc-sub-title ">Product Details</li><li class="desc-sub-text"><p>Red bow detailed mule heels<br/> Open toed, mule style upper in speckled faux patent leather, with bow detail on front<br/> Lightly cushioned faux leather foot bed with contrast panel and branding at heel<br/> Tough outsole and tapered heel</p></li><li class="desc-sub-title ">Material &amp; Care</li><li class="desc-sub-text "><p>Faux leather<br/> Wipe with a clean, damp cloth to remove dust and dirt</p></li><li class="desc-sub-title">Size &amp; Fit</li><li class="desc-sub-text"><p>Heel: 2.5"</p></li></ul>,26:02:2014,None
None,Femme Women White Sandals,http://www.myntra.com/Heels/Femme/Femme-Women-White-Sandals/84733/buy,Rs. 799,flat-50-sale,Clearance Sale - Flat 50% Off,Femme,http://myntra.myntassets.com/images/style/properties/Femme-Women-White-Sandals_c5bc58a85b79139a1c95b50cd0e50aff_images_1080_1440_mini.jpg,Rs. 1,399,None,flat,http://www.myntra.com/Heels/Femme/Femme-Women-White-Sandals/84733/buy,Sold byVector Ecommerce Pvt Ltd,None,None,['5', '6', '7', '8', '9', '10'],None,<ul class="mk-pdpv1-product-helper mk-cf"><li class="desc-main-title">Product Description</li><li class="desc-sub-title">Style Note</li><li class="desc-sub-text " itemprop="description"><p>Femme takes the sandal trend a notch higher with this pair. This pair is designed to fit your foot snugly without making it seem bulky. Pair it with slim fit denims and short tees and add on a sling bag to complete the look.</p></li><li class="desc-sub-title ">Product Details</li><li class="desc-sub-text"><p>White sandals with straps at the forefoot<br/> Multiple straps at the ankle with buckle closure and elasticated gussets on the side for style and comfort<br/> Heel collar with a zipper closure connected to the ankle straps to hold the foot in place<br/> Soft, comfortable footbed with branding at the heel<br/> Ergonomically shaped for comfort and style<br/> Durable outsole with a wedge heel</p></li><li class="desc-sub-title ">Material &amp; Care</li><li class="desc-sub-text "><p>Synthetic leather<br/> Wipe with a clean, soft cloth to remove dust</p></li><li class="desc-sub-title">Size &amp; Fit</li><li class="desc-sub-text"><p>Heels: 3''</p></li></ul>,26:02:2014,None
None,Femme Woman Brown Floral Print Sandals,http://www.myntra.com/Heels/Femme/Femme-Woman-Brown-Floral-Print-Sandals/84900/buy,Rs. 799,flat-50-sale,Clearance Sale - Flat 50% Off,Femme,http://myntra.myntassets.com/images/style/properties/Femme-Woman-Brown-Floral-Print-Sandals_00481b5959ce12ac336f4ceeabb573e3_images_1080_1440_mini.jpg,Rs. 1,299,None,flat,http://www.myntra.com/Heels/Femme/Femme-Woman-Brown-Floral-Print-Sandals/84900/buy,Sold byVector Ecommerce Pvt Ltd,None,None,['5', '6', '7', '8', '9', '10'],None,<ul class="mk-pdpv1-product-helper mk-cf"><li class="desc-main-title">Product Description</li><li class="desc-sub-title">Style Note</li><li class="desc-sub-text " itemprop="description"><p>Flaunt effortless elegance with these heels from Femme. Its unique design lets you stay on your feet all day long. This versatile pair can be easily carried of with a variety of ensembles ranging from work-wear to casuals.</p></li><li class="desc-sub-title ">Product Details</li><li class="desc-sub-text"><p>Brown sandals with fabric, floral print upper<br/> Soft footbed with branding at heel<br/> TPU ousole with heels having heel caps</p></li><li class="desc-sub-title ">Material &amp; Care</li><li class="desc-sub-text "><p>Synthetic<br/> Wipe with a clean dry cloth to remove dust<br/> Do not store in sunlight</p></li><li class="desc-sub-title">Size &amp; Fit</li><li class="desc-sub-text"><p>Heel height: 3"</p></li></ul>,26:02:2014,None
